Empresa;Descrição;Telefone;Email;;;formula abaixo
Studio santa brisa tattoo;Florianópolis - SC ;+55 48991703269;;;;#NOME?
Estúdio Grassi - Tattoo & Piercing;Florianópolis - SC ;+55 48988098540;;;;
Tattoo Shark's Canasveiras;Florianópolis - SC ;+55 48991963333;;;;
Ordem Arte Tattoo;Florianópolis - SC ;+55 48991554651;;;;
Estúdio Daniel Amaral;Mais de 7 anos no mercado ;+55 48984334857;;;;
Rogério Dutra Tattoo;Mais de 10 anos no mercado ;+55 48999683325;;;;
SkinWork Tattoo;Florianópolis - SC ;+55 48996093322;;;;
Liverpool Tattoo Shop;Mais de 3 anos no mercado ;+55 48988380156;;;;
Tattoo Shark's Ingleses;Florianópolis - SC ;+55 48992104454;;;;
Tatuagem Ingleses - Margit Tattoo;Florianópolis - SC ;+55 51993479210;;;;
Decker / Gallery Tattoo;Mais de 3 anos no mercado ;+55 48988679983;;;;
Studio Slinkkisa Tattoo;Florianópolis - SC ;+55 48996805898;;;;
Estúdio Guilherme Fialho Tattoo Art;Mais de 5 anos no mercado ;+55 48991396487;;;;
Music Tattoo Studio;Mais de 7 anos no mercado ;+55 48984734830;;;;
Ricardo Tattoo;Mais de 10 anos no mercado ;+55 4833576689;;;;
Viida Tattoo;Mais de 10 anos no mercado ;+55 48988120615;;;;
Tropical Art Tattoo - Estúdio de Tatuagem em Florianópolis;Florianópolis - SC ;+55 48999969311;;;;
Caio Trevisan Tattoo;Florianópolis - SC ;+55 48991501706;;;;
Musink Tattoo & Piercing;Mais de 10 anos no mercado ;+55 48988262698;;;;
Floripa Tattoo Passarini;Mais de 7 anos no mercado ;+55 48991345594;;;;
Loyalty Tattoo e Piercing.;Florianópolis - Santa Catarina ;+55 48998686320;;;;
Studio santa brisa tattoo;Florianópolis - SC ;+55 48991703269;;;;
Modarte Studio Tattoo;Mais de 7 anos no mercado ;+55 47991796986;;;;
Heuchling Tattoo Studio;Mais de 7 anos no mercado ;+55 47996737516;;;;
Good Vibe Tattoo Club;Mais de 10 anos no mercado ;+55 4730374901;;;;
Bravo Tattoo & Store;Mais de 3 anos no mercado ;+55 47991992662;;;;
The Muchacho Tattoo Artist - Estúdio de Tatuagem em Balnéario Camboriú;Mais de 3 anos no mercado ;+55 47988632420;;;;
Laura Vitória Art Tattoo - Traços finos e delicados (Fineline);Balneário Camboriú - SC ;+55 47992784515;;;;
RL TATTOO STUDIO;Mais de 3 anos no mercado ;+55 11947251221;;;;
Studio Moto Tattoo Biers;Mais de 5 anos no mercado ;+55 47999358461;;;;
Agulhas Negras Tattoo Shop;Mais de 7 anos no mercado ;+55 4732466546;;;;
Art Visual Tattoo & Piercing;Mais de 10 anos no mercado ;+55 47996594550;;;;
Lady Tatoo Studio;Mais de 5 anos no mercado ;+55 47984315824;;;;
Flaris Tattoo;Mais de 5 anos no mercado ;+55 47984500866;;;;
Virgo Ateliê Tattoo;Mais de 5 anos no mercado ;+55 47999855794;;;;
Flavialactea Studio;Mais de 5 anos no mercado ;+55 47997559170;;;;
Arromba Tattoo;Blumenau - SC ;+55 4730372011;;;;
Be Piercer;Balneário Camboriú - SC ;+55 47996926272;;;;
Jc Tattoo Supply;Blumenau - SC ;+55 47996289798;;;;
Dunamis Art Ink;Balneário Camboriú - SC ;+55 47984465481;;;;
A Magia - Tatuagem;Mais de 10 anos no mercado ;+55 4133694619;;;;
Pennywise Tattoo Studio;Mais de 10 anos no mercado ;+55 41991886585;;;;
Billy Tattoo Art Studio;Mais de 20 anos no mercado ;+55 41984414985;;;;
Studio Giu Oliveira Tattoo;Curitiba - PR ;+55 41998272237;;;;
Tatuador Curitiba Jhow Santos Tattoo;Curitiba - PR ;+55 41987452221;;;;
O Pérola Negra tattoo e Piercing;São José dos Pinhais - PR ;+55 41987434563;;;;
Dih Tattoo;Mais de 5 anos no mercado ;+55 41999656879;;;;
Stúdio Petruy Tattoo - Estúdio de Tatuagem;Mais de 10 anos no mercado ;+55 41997256868;;;;
Risadinha Tattoos;Mais de 7 anos no mercado ;+55 41999556050;;;;
Alive Tattoo Custom;Mais de 7 anos no mercado ;+55 41991597442;;;;
Kallon Tattoo;Mais de 7 anos no mercado ;+55 47989159469;;;;
BrunoTattoo.art;Curitiba - PR ;+55 15997209263;;;;
LHS Tattoo & Piercing;Curitiba - PR ;+55 41997022639;;;;
Barbearia & Tattoo Studio Vikings;Mais de 5 anos no mercado ;+55 41985032234;;;;
GoldLine Studio Tattoo;São José dos Pinhais - PR ;+55 41999094138;;;;
Rodrigo Moraes Tattoo e Piercing;Mais de 5 anos no mercado ;+55 41999769606;;;;
Dragão Tattoo;Mais de 30 anos no mercado ;+55 41998696043;;;;
Brutus Barbershop - Barbearia e Tattoo Studio;Mais de 5 anos no mercado ;+55 41988070838;;;;
Hórus Tattoo e Piercing;Mais de 5 anos no mercado ;+55 41988485225;;;;
Studio de Tatuagem - Kadu Tattoo e Piercing;Mais de 25 anos no mercado ;+55 51991936856;;;;
Aline Tattoo Studio;Mais de 25 anos no mercado ;+55 51985107956;;;;
Verani Tattoo;Mais de 10 anos no mercado ;+55 5132242139;;;;
Studio de tatuagem - Ibrahim Tattoo;Mais de 10 anos no mercado ;+55 5132485857;;;;
Maura Tattoo Studio;Mais de 7 anos no mercado ;+55 5133721571;;;;
Astana Studio;Canoas - RS ;+55 51981625076;;;;
ÖTZI TATTOO STUDIO;Mais de 3 anos no mercado ;+55 51989527382;;;;
Corvo Tattoo - Tatuagens e Piercings;Mais de 10 anos no mercado ;+55 51984850411;;;;
Smurruga Tattoo e Piercing;Mais de 20 anos no mercado ;+55 51991283696;;;;
Skin Art TATTOO;Mais de 7 anos no mercado ;+55 51985555128;;;;
Otaku Tattoo Store;Mais de 3 anos no mercado ;+55 5133911356;;;;
Yellow Tattoo - Tatuagem e Piercing;Mais de 7 anos no mercado ;+55 54991876740;;;;
Studio Martins Tattoo e barber;Alvorada - RS ;+55 51990122566;;;;
Jorginho Tattoo Piercing;Mais de 5 anos no mercado ;+55 51995454102;;;;
Mineiro Tattoo;Mais de 5 anos no mercado ;+55 51996475674;;;;
Studio Tattoo Trick's;Mais de 5 anos no mercado ;+55 51999604394;;;;
Verani Tattoo;Mais de 7 anos no mercado ;+55 5132288992;;;;
Marcelo Tattoo- Whatsapp: 54 991829691;Mais de 10 anos no mercado ;+55 5430255010;;;;
Old Biker Tattoo & Piercing;Mais de 7 anos no mercado ;+55 54991255913;;;;
Alpha Tattoo Supply - Bento Gonçalves;Bento Gonçalves - RS ;+55 54991172252;;;;
Neurotic Ink Tattoo;Caxias do Sul - RS ;+55 54993197834;;;;
Marcelo Tattoo- Whatsapp: 54 991829691;Mais de 10 anos no mercado ;+55 5430255010;;;;
Studio de Tatuagem - Kadu Tattoo e Piercing;Mais de 25 anos no mercado ;+55 51991936856;;;;
Saluti Tattoo Studio;Mais de 3 anos no mercado ;+55 48996244692;;;;
ESTÚDIO 17 TATTOO e PIERCING;Mais de 10 anos no mercado ;+55 4834428453;;;;
Familia Tattoo Studio 01;Mais de 55 anos no mercado ;+55 48996901102;;;;
Junior tatto ink & Body Piercings;Mais de 5 anos no mercado ;+55 48996801682;;;;
HS Tattoo - Estúdio de Tatuagem;Mais de 7 anos no mercado ;+55 48991086213;;;;
Tatuador Fernando Martins;Mais de 20 anos no mercado ;+55 44998985756;;;;
Londrina Ink Tattoo e Piercing Boulevard;Mais de 5 anos no mercado ;+55 43996327821;;;;
MAX TATTOO STUDIO;Mais de 7 anos no mercado ;+55 44998770467;;;;
Cris Alves Piercings - Body Piercing Londrina;Mais de 7 anos no mercado ;+55 4331421208;;;;
RT Studio Art Tatuagens e Piercing;Mais de 15 anos no mercado ;+55 19996698819;;;;
El Tattoo Studio | Elison Fonseca (Tatuador Sorocaba);Mais de 5 anos no mercado ;+55 15997519220;;;;
Tattoo Society Londrina;Mais de 5 anos no mercado ;+55 43991411557;;;;
Lelesso Nova Era Tatuagens e Piercings;Mais de 7 anos no mercado ;+55 1933182497;;;;
VERTIGO TATTOO STUDIO;Mais de 20 anos no mercado ;+55 19996396149;;;;
Calleda Tattoo Guest;Mais de 7 anos no mercado ;+55 15991032539;;;;
Francine Carriel Tattoo & Art Studio;Piedade - SP ;+55 15996203993;;;;
TERRIER BLACK INK;Mais de 10 anos no mercado ;+55 19989397204;;;;
Studio W Tattoo;Mais de 10 anos no mercado ;+55 14998550465;;;;
Cipryus Studio - Tatuagem & Piercing;Piedade - SP ;+55 15996698886;;;;
Studio 9 Tattoo;Mais de 5 anos no mercado ;+55 1935573130;;;;
Londrina Ink Tattoo e Piercing Boulevard;Mais de 5 anos no mercado ;+55 43996327821;;;;
Lucas Curdoglo Tatuador em Sorocaba;Sorocaba - SP ;+55 15991829037;;;;
Santo Fuerte Tattoo E Piercing;Mais de 3 anos no mercado ;+55 19998977838;;;;
Gabriela Ferreira Tattoo ateliê;Americana - SP ;+55 19995121623;;;;
Franzyts Piercing Studio | Piercing Seguro;Sorocaba - SP ;+55 15988278606;;;;
Studio Lúcia Nunes - Remoção de Micropigmentação e Tatuagem;Sorocaba - SP ;+55 15997501000;;;;
Márcio Tattoo - Estúdio de Tatuagem;Mais de 25 anos no mercado ;+55 16993528784;;;;
Stephanie Umeda Tattoo Studio;Mais de 7 anos no mercado ;+55 11959284593;;;;
Lyonn Art Tattoo;Mais de 10 anos no mercado ;+55 11916091993;;;;
Studio 9 Tattoo;Mais de 20 anos no mercado ;+55 11999050706;;;;
RT Studio Art Tatuagens e Piercing;Mais de 15 anos no mercado ;+55 19996698819;;;;
Studio Preto & Branco by Weslley Rodrigues;Mais de 5 anos no mercado ;+55 19999146430;;;;
Bruno Reis estúdio artístico;Mais de 5 anos no mercado ;+55 11976309984;;;;
Johnny Tattoo Studio;Mais de 7 anos no mercado ;+55 1433137901;;;;
Tatuaria Los Santos;Mais de 20 anos no mercado ;+55 11953425834;;;;
Ade Tattoo;Mais de 7 anos no mercado ;+55 11968910275;;;;
Frare Ink Tattoo Studio;Mais de 3 anos no mercado ;+55 11988645702;;;;
Poli Zanoni - Tattoo Studio;Jundiaí - SP ;+55 11989118198;;;;
GTK Tattoo;Mais de 7 anos no mercado ;+55 19998680710;;;;
Alex Tattoo e Piercing;Mais de 20 anos no mercado ;+55 11981185668;;;;
Luana Nishimura Tattoo;Mais de 7 anos no mercado ;+55 11982692988;;;;
Sauce Tatuaria;Mais de 3 anos no mercado ;+55 11987198142;;;;
Babi Ayub Tattoo;Mais de 3 anos no mercado ;+55 11950251992;;;;
Mansão Vip;Mais de 7 anos no mercado ;+55 19989279298;;;;
Johnny Tattoo Studio;Mais de 7 anos no mercado ;+55 1433137901;;;;
Adriane Mascotti Tattoo Artist;Bauru - SP ;+55 14996682714;;;;
Domus Tattoo Studio;Mais de 5 anos no mercado ;+55 1434165135;;;;
Pinke Tattoo Supply;Mais de 10 anos no mercado ;+55 14997160021;;;;
Luh Tattoo Bauru;Bauru - SP ;+55 14997321520;;;;
Raquel Furcin Tattoo e Piercing;Mais de 5 anos no mercado ;+55 14998743627;;;;
Toca do Lion;Pres. Prudente - SP ;+55 18991687477;;;;
Fer Piercer;Pres. Prudente - SP ;+55 18991156781;;;;
Surplus Vegan Tattoo - Tatuagens Traço fino • Blackwork • Metrô São Bento • Agende por WhatsApp (11) 98788.8780;Mais de 7 anos no mercado ;+55 11987888780;;;;
King Rat Tatuagem e Piercing;Mais de 15 anos no mercado ;+55 2126937355;;;;
Tattoo art Studio;Mais de 7 anos no mercado ;+55 11985097568;;;;
GUSTAVO TATTOO STUDIO;Mais de 7 anos no mercado ;+55 21966977485;;;;
Tattoo Studio D;Mais de 7 anos no mercado ;+55 11954414878;;;;
Estúdio de Tatuagem Marco Tattoo e Body Piercing;Mais de 25 anos no mercado ;+55 1139657112;;;;
Family Business Tattoo & Body piercing;Mais de 3 anos no mercado ;+55 11982943926;;;;
Além da Pele Tattoo Shop;Mais de 7 anos no mercado ;+55 2138577441;;;;
Paulo Machado Tattooart;Mais de 5 anos no mercado ;+55 11992208080;;;;
Studio 13 Tattoo/Piercing;Mais de 15 anos no mercado ;+55 2132855313;;;;
Gaia Tattoo;Mais de 7 anos no mercado ;+55 11959319666;;;;
Tattoo You Classic;Mais de 40 anos no mercado ;+55 1130711393;;;;
Bass Tattoo Studio;Mais de 3 anos no mercado ;+55 21995260892;;;;
Marth Tattoo Studio;Mais de 7 anos no mercado ;+55 11959368353;;;;
Gótika Tattoo e Piercing;Mais de 3 anos no mercado ;+55 11979973452;;;;
Tatuagem e Piercing;Mais de 5 anos no mercado ;+55 11983655323;;;;
Tattoo One Estudio;Mais de 3 anos no mercado ;+55 11988823201;;;;
Estúdio 1 Tattoo & Art- Estúdio de tatuagem Bragança Paulista-SP;Mais de 7 anos no mercado ;+55 11944728010;;;;
FG!NK TATTOO STUDIO;Mais de 5 anos no mercado ;+55 11959074329;;;;
Loy Tattoo;Mais de 5 anos no mercado ;+55 19982140390;;;;
Sagrada Tinta Tatuagens e Piercings;Mais de 25 anos no mercado ;+55 19991622109;;;;
Mako Tattoo Experience;Mais de 3 anos no mercado ;+55 19993429870;;;;
Buena Arte Tattoo;Mais de 10 anos no mercado ;+55 1932017970;;;;
SandroTattooDidone;Mais de 10 anos no mercado ;+55 19997214210;;;;
Matheus Scalon Tattoo;Mais de 10 anos no mercado ;+55 11911357589;;;;
NewVintage Tattoo & Piercing;Mais de 10 anos no mercado ;+55 1938011559;;;;
Love Arts Tattoo;Mais de 15 anos no mercado ;+55 11962107411;;;;
Gatto Matto Tattoo Studio;Mais de 35 anos no mercado ;+55 19981115678;;;;
Ink By Melissa Tattoo;Atibaia - SP ;+55 11913338713;;;;
Paulo Machado Tattooart;Mais de 5 anos no mercado ;+55 11992208080;;;;
Estúdio 1 Tattoo & Art- Estúdio de tatuagem Bragança Paulista-SP;Mais de 7 anos no mercado ;+55 11944728010;;;;
F-zero Studio tatuagem;Mais de 15 anos no mercado ;+55 11969563998;;;;
Gugo Tattoo;Mais de 7 anos no mercado ;+55 11992105793;;;;
Power Dragon Tattoo;Guarulhos - SP ;+55 11943182475;;;;
Estúdio de tatuagem em Guarulhos - Studio Librart tattoo;Guarulhos - SP ;+55 11992199665;;;;
Real Life Tattoo Studio;Mais de 25 anos no mercado ;+55 11980320349;;;;
Santa Gracie Tattoo;Mais de 3 anos no mercado ;+55 11988487030;;;;
Bolão Tattoo;Mais de 7 anos no mercado ;+55 11995888864;;;;
ks kastro tatuagem;Mais de 5 anos no mercado ;+55 12981616089;;;;
Surplus Vegan Tattoo - Tatuagens Traço fino • Blackwork • Metrô São Bento • Agende por WhatsApp (11) 98788.8780;Mais de 7 anos no mercado ;+55 11987888780;;;;
Tattoo Studio D;Mais de 7 anos no mercado ;+55 11954414878;;;;
Studio Lan Tattoo - Estúdio de Tatuagem Zona Leste de São Paulo;Mais de 5 anos no mercado ;+55 11963195206;;;;
Tatuagem e Piercing;Mais de 5 anos no mercado ;+55 11983655323;;;;
Art Tattoo CB.;Mais de 3 anos no mercado ;+55 11964223225;;;;
Tatuagens e Piercings | Studio Aero Ink;Mais de 20 anos no mercado ;+55 11941611482;;;;
Tattoo Studio D;Mais de 7 anos no mercado ;+55 11954414878;;;;
Tatuagem e Piercing;Mais de 5 anos no mercado ;+55 11983655323;;;;
Fernanda Viana Tattoo Studio;Mais de 5 anos no mercado ;+55 11949808988;;;;
Original Sp Tattoo Moema;São Paulo ;+55 11953833343;;;;
Tattoo Studio D;Mais de 7 anos no mercado ;+55 11954414878;;;;
Tatuagem e Piercing;Mais de 5 anos no mercado ;+55 11983655323;;;;
Nautica Tattoo Anália Franco;Mais de 7 anos no mercado ;+55 1145080688;;;;
Tattoo Studio D;Mais de 7 anos no mercado ;+55 11954414878;;;;
Tatuagem e Piercing;Mais de 5 anos no mercado ;+55 11983655323;;;;
Nautica Tattoo Anália Franco;Mais de 7 anos no mercado ;+55 1145080688;;;;
Tattoo Studio D;Mais de 7 anos no mercado ;+55 11954414878;;;;
Tatuagem e Piercing;Mais de 5 anos no mercado ;+55 11983655323;;;;
Original Sp Tattoo Moema;São Paulo ;+55 11953833343;;;;
Nautica Tattoo Anália Franco;Mais de 7 anos no mercado ;+55 1145080688;;;;
Tattoo Studio D;Mais de 7 anos no mercado ;+55 11954414878;;;;
Tatuagem e Piercing;Mais de 5 anos no mercado ;+55 11983655323;;;;
Nautica Tattoo Anália Franco;Mais de 7 anos no mercado ;+55 1145080688;;;;
W Tattoo e Piercing;Mais de 25 anos no mercado ;+55 1143686603;;;;
Ufos Tattoo Studio;Mais de 7 anos no mercado ;+55 11912872132;;;;
Estúdio DarkartTattoo & Piercing;Mais de 7 anos no mercado ;+55 11990083085;;;;
Estúdio Lottus Tattoo e Piercing;Mais de 7 anos no mercado ;+55 1126151109;;;;
Blue Animal Studio Tattoo e Piercing;Mais de 10 anos no mercado ;+55 11956199214;;;;
Studio 011 Tattoo;Mais de 3 anos no mercado ;+55 11968438968;;;;
Cauim Tattoo;Mais de 7 anos no mercado ;+55 12982665284;;;;
Hard Collors Tattoo;Mais de 10 anos no mercado ;+55 1239173869;;;;
Capu Tattoo Sjc;Mais de 7 anos no mercado ;+55 12987080457;;;;
Sorry Mom Tatuaria;Jacareí - SP ;+55 12987117761;;;;
Personalita Piercing Jacarei;Mais de 3 anos no mercado ;+55 12988113035;;;;
Roberta Lopes Confeitaria;Arujá - SP ;+55 11973885981;;;;
ks kastro tatuagem;Mais de 5 anos no mercado ;+55 12981616089;;;;
CALEJON TATTOO;Mais de 15 anos no mercado ;+55 11991885715;;;;
Tai Piercer Ltda;Mais de 7 anos no mercado ;+55 11993391904;;;;
Klash tattoo e piercing;Mais de 7 anos no mercado ;+55 1234247295;;;;
Freak Art Supply Taubaté;Taubaté - SP ;+55 12997003685;;;;
Chocolate Ink Tattoo;Mais de 5 anos no mercado ;+55 12991632447;;;;
Sena Tattoo Studio;Mais de 3 anos no mercado ;+55 12982637575;;;;
King Rat Tatuagem e Piercing;Mais de 15 anos no mercado ;+55 2126937355;;;;
Róbson Tattoo - Orçamentos e agendamentos pelo WhatsApp;Mais de 20 anos no mercado ;+55 21975838795;;;;
Brendo Nunes Tattoo;Duque de Caxias - RJ ;+55 21968195058;;;;
Estúdio de tatuagem e piercing Skin Tattoo;Mais de 3 anos no mercado ;+55 21975129493;;;;
Estúdio de tatuagem Skin Tattoo e Piercing e materiais para tatuagens e piercing;Mais de 15 anos no mercado ;+55 21995953272;;;;
Jaci Tattoo e Piercing;Mais de 15 anos no mercado ;+55 1239417415;;;;
Alysson Acmon Tattoo;Mais de 10 anos no mercado ;+55 21980214223;;;;
Klash tattoo e piercing;Mais de 7 anos no mercado ;+55 1234247295;;;;
Art Vision Tattoo;Mais de 20 anos no mercado ;+55 21981985896;;;;
Gringo Tattoo e Piercing;Mais de 15 anos no mercado ;+55 21964601335;;;;
Falconia Tattoo Kingdom;Rio de Janeiro - RJ ;+55 21972134671;;;;
Jota Tattoo Studio;Mais de 7 anos no mercado ;+55 21989144330;;;;
Garcez Studio;Mais de 3 anos no mercado ;+55 21977414497;;;;
Ten Tattoo Rio;Mais de 3 anos no mercado ;+55 21979000225;;;;
Lucas Franca - Tatuagens artísticas;Mais de 5 anos no mercado ;+55 21993589771;;;;
Jaque Arte Viva Tattoo;Santo Antônio do Pinhal - SP ;+55 11995302889;;;;
Estúdio Derik Brandão Tattoo;Mais de 3 anos no mercado ;+55 44998000101;;;;
Powerhouse Tattoo e Piercing Desde 1990;Mais de 30 anos no mercado ;+55 21997177866;;;;
Smoke Dragon Tattoo & Piercing / Centro - RJ;Mais de 20 anos no mercado ;+55 21969480570;;;;
Rabiska Tattoo;Mais de 7 anos no mercado ;+55 21972469855;;;;
Studio Zero Um Tattoo;Mais de 5 anos no mercado ;+55 21972710366;;;;
MegaRiachuelo Tattoo & Piercing;Mais de 20 anos no mercado ;+55 2132711154;;;;
Tattoo Ilha;Mais de 10 anos no mercado ;+55 2124622648;;;;
Konklav Tattoo;Mais de 10 anos no mercado ;+55 21985931544;;;;
Róbson Tattoo - Orçamentos e agendamentos pelo WhatsApp;Mais de 20 anos no mercado ;+55 21975838795;;;;
Kiko Tattoo (Barra da Tijuca);Mais de 25 anos no mercado ;+55 2124389108;;;;
Nix Tattoo;Mais de 25 anos no mercado ;+55 2133886271;;;;
Primore Tattoo e Piercing;Mais de 3 anos no mercado ;+55 21982886655;;;;
Banzai Tattoo & Piercing;Mais de 40 anos no mercado ;+55 21999859642;;;;
Greco Tattoo Estudio;Mais de 10 anos no mercado ;+55 21996601764;;;;
Jac piercer;Mais de 7 anos no mercado ;+55 21975438522;;;;
Studio art premium tattoo;Rio de Janeiro - RJ ;+55 21981186001;;;;
RAI PIERCER - Body Piercer;Rio de Janeiro - RJ ;+55 21982279935;;;;
TKTX ONLINE barra;Rio de Janeiro - RJ ;+55 21960116587;;;;
Studio Érica Vianna - Jacarepaguá;Rio de Janeiro - RJ ;+55 21998301323;;;;
Dassa Danna;Rio de Janeiro - RJ ;+55 2133854231;;;;
Smoke Dragon Tattoo & Piercing / Centro - RJ;Mais de 10 anos no mercado ;+55 21969480570;;;;
King7 Tattoo;Mais de 20 anos no mercado ;+55 21997772790;;;;
Arte na Pele Tijuca;Mais de 10 anos no mercado ;+55 21997158494;;;;
Tamagosh Tattoo Studio;Niterói - RJ ;+55 21966677631;;;;
Primore Tattoo e Piercing;Mais de 3 anos no mercado ;+55 21982886655;;;;
GUSTAVO TATTOO STUDIO;Mais de 7 anos no mercado ;+55 21966977485;;;;
Jota Tattoo Studio;Mais de 7 anos no mercado ;+55 21989144330;;;;
Yabeta Tattoo;Mais de 5 anos no mercado ;+55 21974079056;;;;
Old Factory Tattoo - Carioca Shopping;Mais de 3 anos no mercado ;+55 21971267692;;;;
Jesus Tattoo;Mais de 20 anos no mercado ;+55 21964251551;;;;
Cacau Curso de Tatuagem RJ;Mais de 15 anos no mercado ;+55 21964367532;;;;
Márcio Tattoo;Mais de 10 anos no mercado ;+55 2137558144;;;;
Natasha Nogueira Beauty;Mais de 5 anos no mercado ;+55 21966796898;;;;
Di Giorno Tattoo & Body Piercer;Rio de Janeiro - RJ ;+55 21986888520;;;;
Enã Cabral - Remoção à Laser;Nova Iguaçu - RJ ;+55 21991835601;;;;
Studio de tatuagem;Mais de 3 anos no mercado ;+55 21972657308;;;;
Mano's Barber Club;Rio de Janeiro - RJ ;+55 21965044849;;;;
Jessica Dias Designer Micropigmentação de Sobrancelhas e Lábios;Mais de 3 anos no mercado ;+55 21993035103;;;;
Arons Tattoo Estudio;Mais de 7 anos no mercado ;+55 31994268133;;;;
Original Dragão Tattoo Studio;Mais de 10 anos no mercado ;+55 31994710723;;;;
Skin Artes Tattoo - Família Martins;Mais de 25 anos no mercado ;+55 31985076436;;;;
C/L Tattoo Studio;Mais de 3 anos no mercado ;+55 31975806700;;;;
Cidrac Tattoo;Mais de 10 anos no mercado ;+55 31992991971;;;;
Estúdio Singular Tatuagem e Piercing Bairro Tupi;Mais de 5 anos no mercado ;+55 31995481637;;;;
Cassiano Dellaretti Tattoo;Mais de 3 anos no mercado ;+55 31996097732;;;;
Ink Lab Tattoo e Tabacaria;Mais de 5 anos no mercado ;+55 31982549870;;;;
Complex Studio;Belo Horizonte - MG ;+55 31998174149;;;;
Omoko Studio;Belo Horizonte - MG ;+55 31994648970;;;;
Austra Ink ?;Mais de 3 anos no mercado ;+55 31983036505;;;;
Letícia Tenaz Tatuadora;Contagem - MG ;+55 31992789179;;;;
Studio L 33;Mais de 5 anos no mercado ;+55 3132435069;;;;
Kapala Tattoo;Mais de 7 anos no mercado ;+55 3130199339;;;;
Oakink Tattoo;Mais de 7 anos no mercado ;+55 31995541740;;;;
Louise Tattoo;Mais de 5 anos no mercado ;+55 31993901078;;;;
V-kings Tattoo Studio;Mais de 5 anos no mercado ;+55 31991632352;;;;
Divina Arte BH;Mais de 10 anos no mercado ;+55 31991110510;;;;
Victor Garajau Tattoo;Mais de 7 anos no mercado ;+55 31991503190;;;;
Gil Tattoo Betim;Mais de 3 anos no mercado ;+55 31993435935;;;;
Original Dragão Tattoo Studio;Mais de 10 anos no mercado ;+55 31994710723;;;;
Carlos Ark Tattoo;Mais de 3 anos no mercado ;+55 31982252770;;;;
Origo Tattoo;Belo Horizonte - MG ;+55 31992471715;;;;
Monster Tattoo BH;Mais de 10 anos no mercado ;+55 3134158298;;;;
Maori Tattoo Studio;Mais de 15 anos no mercado ;+55 27999386117;;;;
Studio Âncora tattoo;Mais de 5 anos no mercado ;+55 27992773055;;;;
Thais Fox Tattoo;Mais de 5 anos no mercado ;+55 27996036678;;;;
Amora Tattoo;Mais de 3 anos no mercado ;+55 27996599316;;;;
Sabrina Tattoo;Mais de 3 anos no mercado ;+55 27997307590;;;;
Iran Tattoo;Vitória - ES ;+55 27992390170;;;;
New Art Tattoo Shop;Serra - ES ;+55 27995267789;;;;
Estúdio Abraão Tattoo ®;Mais de 15 anos no mercado ;+55 27996929665;;;;
DANILA BODYPIERCER;Vila Velha - ES ;+55 27997880298;;;;
Aline Bodypiercer;Vila Velha - ES ;+55 27992996339;;;;
Laser com Afeto;Mais de 7 anos no mercado ;+55 27997474158;;;;
TATTOO STUDIO 23 - Arte Harum Tattoo;Mais de 10 anos no mercado ;+55 71994091575;;;;
Casa de Vênus;Mais de 5 anos no mercado ;+55 71996792422;;;;
Fobia tattoo;Mais de 7 anos no mercado ;+55 71996697286;;;;
Dark Stain Tattoo Studio;Mais de 5 anos no mercado ;+55 71989400078;;;;
Marcel Piercer Tattoo;Mais de 15 anos no mercado ;+55 71997020437;;;;
Koddo Tattoo;Mais de 3 anos no mercado ;+55 75992632494;;;;
Cais 59 Tatuaria;Salvador - BA ;+55 71991059566;;;;
Cristian Tattoo estúdio;Mais de 3 anos no mercado ;+55 71996600250;;;;
Ink90 Studio Tattoo;Mais de 10 anos no mercado ;+55 7122080844;;;;
Fhael Cozta Tattoo;Mais de 3 anos no mercado ;+55 71993015421;;;;
Tattoo Studio Albert Fernandez;Salvador - BA ;+55 71987439248;;;;
Estudio Elias Tattoo;Mais de 3 anos no mercado ;+55 75999661265;;;;
Studio Thayna Santiago;Feira de Santana - BA ;+55 75991427472;;;;
Natasha Azarany Studio;Lauro de Freitas - BA ;+55 71993485799;;;;
Koddo Tattoo;Mais de 3 anos no mercado ;+55 75992632494;;;;
Chico Tattoo House;Mais de 25 anos no mercado ;+55 79981053451;;;;
Chico Tattoo;Mais de 7 anos no mercado ;+55 79998850909;;;;
Studio Junior Tattoo farol;Mais de 7 anos no mercado ;+55 79999860274;;;;
Soul Tattoo Aracaju;Mais de 7 anos no mercado ;+55 7933020312;;;;
André Fraga Tattoo | Estúdio de tatuagem e piercing;Mais de 10 anos no mercado ;+55 73999000388;;;;
Elvestattoos;Mais de 3 anos no mercado ;+55 79999886036;;;;
Maceió Tattoo;Mais de 25 anos no mercado ;+55 82987194730;;;;
Supri Shop Tattoo;Mais de 7 anos no mercado ;+55 8233202543;;;;
Ingrid Cabral - STUDIO DE PIERCING;Maceió - AL ;+55 82988049456;;;;
Abdala Tattoo Studio;Maceió - AL ;+55 82987288960;;;;
Lara Frazão Body Piercing;Mais de 7 anos no mercado ;+55 82999039644;;;;
Barong Barbearia & Tattoo Shop;Mais de 3 anos no mercado ;+55 82999363449;;;;
Maltos Tattoo Studio;Jaboatão dos Guararapes - Pernambuco ;+55 81999083732;;;;
(GUINHO TATTOO);Mais de 20 anos no mercado ;+55 81986267598;;;;
Raff Tattoo Studio;Mais de 5 anos no mercado ;+55 81994977464;;;;
PAULO LIMA TATTOO RECIFE;Mais de 7 anos no mercado ;+55 81987360640;;;;
Henrique Brandão Tatuagem Tradicional;Mais de 15 anos no mercado ;+55 81998687626;;;;
Rodrigo Simeão Studio Tattoo;Mais de 10 anos no mercado ;+55 81999989200;;;;
Pokis Tatto;Mais de 5 anos no mercado ;+55 81991578590;;;;
Wagner tattoo Studio;Mais de 3 anos no mercado ;+55 81988578855;;;;
Jonas Lira Tattoo;Mais de 7 anos no mercado ;+55 81988511715;;;;
Carla Amorim Studio;Mais de 5 anos no mercado ;+55 81986649320;;;;
Maia Tattoo;Igarassu - PE ;+55 81999177881;;;;
Mercado das Mangueiras;Jaboatão dos Guararapes - PE ;+55 81986708619;;;;
Faculdade Senac Pernambuco;Recife - PE ;+55 8134136666;;;;
(GUINHO TATTOO);Mais de 20 anos no mercado ;+55 81986267598;;;;
Raff Tattoo Studio;Mais de 5 anos no mercado ;+55 81994977464;;;;
Maia Tattoo;Igarassu - PE ;+55 81999177881;;;;
;;;agendavalsodre@gmail.com;;;
;;;carpeggianisports@gmail.com;;;
;;;piuitatoo@hotmail.com;;;
;;;segffo@gmail.com;;;
;;;studiodasobrancelhas2408@gmail.com;;;
;;;aerbalancas@outlook.com;;;
;;;agenda.andresvk@gmail.com;;;
;;;agendamento.ricardodamaia@gmail.com;;;
;;;alemaotattoocl@hotmail.com;;;
;;;alexbuchnertattoos@gmail.com;;;
;;;aloocupido@gmail.com;;;
;;;altoescracho@gmail.com;;;
;;;andresvk@gmail.com;;;
;;;andykasadeymusic@gmail.com;;;
;;;anelisefylyk@gmail.com;;;
;;;anzoategui.leo@gmail.com;;;
;;;arrasacuritiba@gmail.com;;;
;;;arte.adiala@gmail.com;;;
;;;artisticelementbrazil@outlook.com;;;
;;;assessoriaannylotti@gmail.com;;;
;;;aventuraanimal2022@gmail.com;;;
;;;blackout.arte@gmail.com;;;
;;;brasilanacastela@gmail.com;;;
;;;brunandradettt@gmail.com;;;
;;;brunapsttt@gmail.com;;;
;;;bwhitefotografia@gmail.com;;;
;;;cacomenegaz@gmail.com;;;
;;;calaveratattoo@gmail.com;;;
;;;carickramos@gmail.com;;;
;;;carolinecmurta@gmail.com;;;
;;;carolmetatua@gmail.com;;;
;;;clebersontattoo@gmail.com;;;
;;;contato.nathrossoni@gmail.com;;;
;;;contato.stevantavares@gmail.com;;;
;;;contato.vitinho041@gmail.com;;;
;;;contatoanarodriguesmarques@gmail.com;;;
;;;contatobarbarete@gmail.com;;;
;;;contatoevelingoncalves@gmail.com;;;
;;;contatojaninemathias@gmail.com;;;
;;;contatorenatonetto@gmail.com;;;
;;;cubicstudio.turnos@gmail.com;;;
;;;dacosta.leco@gmail.com;;;
;;;damianartstudio@gmail.com;;;
;;;danielcordeiroink@gmail.com;;;
;;;denispenatattoo@gmail.com;;;
;;;divecontact@gmail.com;;;
;;;dstak.dell@gmail.com;;;
;;;edimarosowski65@gmail.com;;;
;;;ermetalinfo@gmail.com;;;
;;;estudioteix@gmail.com;;;
;;;evolkelive@gmail.com;;;
;;;fablikedeath@gmail.com;;;
;;;felpstattoo@hotmail.com;;;
;;;gnardello@gmail.com;;;
;;;goldenblood.piercing@gmail.com;;;
;;;hellcifeextreme@hotmail.com;;;
;;;hereticaeofficial@gmail.com;;;
;;;hyggevilla35@gmail.com;;;
;;;ilanapiercerx@gmail.com;;;
;;;ivan7x7alves@gmail.com;;;
;;;jackemichaelsentattoo@gmail.com;;;
;;;jessficagna@gmail.com;;;
;;;jinrou.evento@gmail.com;;;
;;;jobspaulakobilas@gmail.com;;;
;;;joksone@gmail.com;;;
;;;jonsilvatattoo@gmail.com;;;
;;;kamicoelhotatuagem@gmail.com;;;
;;;labelseventattoo@gmail.com;;;
;;;lenzi.bodypiercer@gmail.com;;;
;;;liricaaragaox@gmail.com;;;
;;;lojakangaceiro@gmail.com;;;
;;;lucasduarte0987.oli@gmail.com;;;
;;;luizezimmer@gmail.com;;;
;;;malfeitour@gmail.com;;;
;;;marcosandretta@gmail.com;;;
;;;marcosopchaki@gmail.com;;;
;;;maxvorax@gmail.com;;;
;;;moniquetattooer@gmail.com;;;
;;;mulheresnatattoo@outlook.com;;;
;;;netolobotattoo@gmail.com;;;
;;;ninokehl@gmail.com;;;
;;;nnink.art@gmail.com;;;
;;;oliveira.fabia@gmail.com;;;
;;;ongamaar@gmail.com;;;
;;;paelladorenato@yahoo.com.br;;;
;;;pessoalwn@gmail.com;;;
;;;pontesjunior035@gmail.com;;;
;;;printeigifts@gmail.com;;;
;;;rizz.fabricio@gmail.com;;;
;;;scenalab@gmail.com;;;
;;;siddhart.br@gmail.com;;;
;;;strombstamp@gmail.com;;;
;;;studiomorphose@gmail.com;;;
;;;tattoo@gmail.com;;;
;;;tattoospedroz@gmail.com;;;
;;;tatuemattana@gmail.com;;;
;;;tosi.sabs@gmail.com;;;
;;;tttbarbarete@gmail.com;;;
;;;vamps.contact@gmail.com;;;
;;;vikosbar@outlook.com;;;
;;;agendavalsodre@gmail.com;;;
;;;piuitatoo@hotmail.com;;;
;;;studiodasobrancelhas2408@gmail.com;;;
;;;acintiachagas@gmail.com;;;
;;;agendamento.ricardodamaia@gmail.com;;;
;;;alemaotattoocl@hotmail.com;;;
;;;alexbuchnertattoos@gmail.com;;;
;;;andykasadeymusic@gmail.com;;;
;;;anzoategui.leo@gmail.com;;;
;;;arte.adiala@gmail.com;;;
;;;artisticelementbrazil@outlook.com;;;
;;;blackout.arte@gmail.com;;;
;;;cacomenegaz@gmail.com;;;
;;;calaveratattoo@gmail.com;;;
;;;canchacoloradasci@gmail.com;;;
;;;carolinecmurta@gmail.com;;;
;;;carolmetatua@gmail.com;;;
;;;clebersontattoo@gmail.com;;;
;;;contato.vitinho041@gmail.com;;;
;;;contatobarbarete@gmail.com;;;
;;;contatobrubertoldi@gmail.com;;;
;;;contatorenatonetto@gmail.com;;;
;;;cubicstudio.turnos@gmail.com;;;
;;;dacosta.leco@gmail.com;;;
;;;deisefalci@gmail.com;;;
;;;fablikedeath@gmail.com;;;
;;;falecomnegalu@hotmail.com;;;
;;;felpstattoo@hotmail.com;;;
;;;festanavilaprc@gmail.com;;;
;;;gg2almeida@hotmail.com;;;
;;;gnardello@gmail.com;;;
;;;goldenblood.piercing@gmail.com;;;
;;;hyggevilla35@gmail.com;;;
;;;ilanapiercerx@gmail.com;;;
;;;jessficagna@gmail.com;;;
;;;jinrou.evento@gmail.com;;;
;;;jonsilvatattoo@gmail.com;;;
;;;labelseventattoo@gmail.com;;;
;;;laferiacruizingvideo@gmail.com;;;
;;;leiturasfascinantes@gmail.com;;;
;;;lenzi.bodypiercer@gmail.com;;;
;;;liricaaragaox@gmail.com;;;
;;;lojakangaceiro@gmail.com;;;
;;;luizezimmer@gmail.com;;;
;;;malfeitour@gmail.com;;;
;;;marcosandretta@gmail.com;;;
;;;maxvorax@gmail.com;;;
;;;midiacaojacaraujo@gmail.com;;;
;;;moniquetattooer@gmail.com;;;
;;;netolobotattoo@gmail.com;;;
;;;nnink.art@gmail.com;;;
;;;olhovivoparanaa@gmail.com;;;
;;;oliveira.fabia@gmail.com;;;
;;;parceiros.creide@gmail.com;;;
;;;pettertattoostudio@gmail.com;;;
;;;ppgh.unicentro@gmail.com;;;
;;;quilombosdomachado@gmail.com;;;
;;;rizz.fabricio@gmail.com;;;
;;;rweigert@gmail.com;;;
;;;scenalab@gmail.com;;;
;;;shundatatuagens@gmail.com;;;
;;;strombstamp@gmail.com;;;
;;;studiomorphose@gmail.com;;;
;;;tatuemattana@gmail.com;;;
;;;tttbarbarete@gmail.com;;;
;;;vamps.contact@gmail.com;;;
